place_id,정본후보(kakao_name),조각수,spot_name,bloggers,road_address,검수(비움: 잘못묶임=X)
1403064814,프릳츠 제주성산점,9,프릳츠,91,제주특별자치도 서귀포시 성산읍 일출로 222,
1403064814,프릳츠 제주성산점,9,프릳츠 제주 성산점,91,제주특별자치도 서귀포시 성산읍 일출로 222,
1403064814,프릳츠 제주성산점,9,프릳츠 제주성산점,91,제주특별자치도 서귀포시 성산읍 일출로 222,
1403064814,프릳츠 제주성산점,9,프릳츠커피,50,제주특별자치도 서귀포시 성산읍 일출로 222,
1403064814,프릳츠 제주성산점,9,성산프릳츠,40,제주특별자치도 서귀포시 성산읍 일출로 222,
1403064814,프릳츠 제주성산점,9,카페프릳츠성산,14,제주특별자치도 서귀포시 성산읍 일출로 222,
1403064814,프릳츠 제주성산점,9,프릳츠 성산점,14,제주특별자치도 서귀포시 성산읍 일출로 222,
1403064814,프릳츠 제주성산점,9,프릳츠카페 성산,2,제주특별자치도 서귀포시 성산읍 일출로 222,
1403064814,프릳츠 제주성산점,9,프릳츠카페성산점,1,제주특별자치도 서귀포시 성산읍 일출로 222,
1546248756,해일리 카페,7,해일리,94,제주특별자치도 서귀포시 성산읍 한도로 269-37,
1546248756,해일리 카페,7,헤일리,92,제주특별자치도 서귀포시 성산읍 한도로 269-37,
1546248756,해일리 카페,7,해일리 카페,87,제주특별자치도 서귀포시 성산읍 한도로 269-37,
1546248756,해일리 카페,7,해일리카페,87,제주특별자치도 서귀포시 성산읍 한도로 269-37,
1546248756,해일리 카페,7,헤일리카페,77,제주특별자치도 서귀포시 성산읍 한도로 269-37,
1546248756,해일리 카페,7,제주해일리카페,37,제주특별자치도 서귀포시 성산읍 한도로 269-37,
1546248756,해일리 카페,7,성산해일리카페,3,제주특별자치도 서귀포시 성산읍 한도로 269-37,
1099838287,위이,6,위이,79,제주특별자치도 서귀포시 안덕면 신화역사로682번길 12,
1099838287,위이,6,위이 (WIEE),79,제주특별자치도 서귀포시 안덕면 신화역사로682번길 12,
1099838287,위이,6,카페 위이 (wiee),58,제주특별자치도 서귀포시 안덕면 신화역사로682번길 12,
1099838287,위이,6,카페Wiee (카페위이),14,제주특별자치도 서귀포시 안덕면 신화역사로682번길 12,
1099838287,위이,6,wiee 카페,11,제주특별자치도 서귀포시 안덕면 신화역사로682번길 12,
1099838287,위이,6,Cafe Wiee,4,제주특별자치도 서귀포시 안덕면 신화역사로682번길 12,
1660674336,런던베이글뮤지엄 제주점,6,런던베이글 뮤지엄,92,제주특별자치도 제주시 구좌읍 동복로 85,
1660674336,런던베이글뮤지엄 제주점,6,런던베이글뮤지엄,92,제주특별자치도 제주시 구좌읍 동복로 85,
1660674336,런던베이글뮤지엄 제주점,6,런던 베이글,88,제주특별자치도 제주시 구좌읍 동복로 85,
1660674336,런던베이글뮤지엄 제주점,6,런던베이글,88,제주특별자치도 제주시 구좌읍 동복로 85,
1660674336,런던베이글뮤지엄 제주점,6,런던베이글뮤지엄 제주점,71,제주특별자치도 제주시 구좌읍 동복로 85,
1660674336,런던베이글뮤지엄 제주점,6,런던베이글제주,39,제주특별자치도 제주시 구좌읍 동복로 85,
1666998566,카페루시아 본점,6,카페  루시아,61,제주특별자치도 서귀포시 안덕면 난드르로 49-17,
1666998566,카페루시아 본점,6,카페 루시아,61,제주특별자치도 서귀포시 안덕면 난드르로 49-17,
1666998566,카페루시아 본점,6,카페루시아,61,제주특별자치도 서귀포시 안덕면 난드르로 49-17,
1666998566,카페루시아 본점,6,카페 루시아 본점,54,제주특별자치도 서귀포시 안덕면 난드르로 49-17,
1666998566,카페루시아 본점,6,카페루시아 (Cafe Lucia),11,제주특별자치도 서귀포시 안덕면 난드르로 49-17,
1666998566,카페루시아 본점,6,Cafe Lucia,9,제주특별자치도 서귀포시 안덕면 난드르로 49-17,
26867476,델문도,6,델문도,80,제주특별자치도 제주시 조천읍 조함해안로 519-10,
26867476,델문도,6,델문도 (카페델문도함덕),79,제주특별자치도 제주시 조천읍 조함해안로 519-10,
26867476,델문도,6,카페델문도,43,제주특별자치도 제주시 조천읍 조함해안로 519-10,
26867476,델문도,6,델문도카페,35,제주특별자치도 제주시 조천읍 조함해안로 519-10,
26867476,델문도,6,함덕델문도,25,제주특별자치도 제주시 조천읍 조함해안로 519-10,
26867476,델문도,6,카페 델문도,23,제주특별자치도 제주시 조천읍 조함해안로 519-10,
1370711409,레미콘,5,레미콘,79,제주특별자치도 제주시 거로남8길 21-32,
1370711409,레미콘,5,카페 레미콘,37,제주특별자치도 제주시 거로남8길 21-32,
1370711409,레미콘,5,레미콘 카페,35,제주특별자치도 제주시 거로남8길 21-32,
1370711409,레미콘,5,레미콘카페,35,제주특별자치도 제주시 거로남8길 21-32,
1370711409,레미콘,5,레미콘베이커리,5,제주특별자치도 제주시 거로남8길 21-32,
1525547515,노을리카페,5,노을리,77,제주특별자치도 제주시 애월읍 애월해안로 654,
1525547515,노을리카페,5,노을리 카페,71,제주특별자치도 제주시 애월읍 애월해안로 654,
1525547515,노을리카페,5,노을리카페,71,제주특별자치도 제주시 애월읍 애월해안로 654,
1525547515,노을리카페,5,노을리카페 노을,7,제주특별자치도 제주시 애월읍 애월해안로 654,
1525547515,노을리카페,5,Noeully Cafe,1,제주특별자치도 제주시 애월읍 애월해안로 654,
178682435,델문도 김녕점,5,델문도김녕점,73,제주특별자치도 제주시 구좌읍 해맞이해안로 140,
178682435,델문도 김녕점,5,델문도 김녕점,71,제주특별자치도 제주시 구좌읍 해맞이해안로 140,
178682435,델문도 김녕점,5,델문도 김녕,65,제주특별자치도 제주시 구좌읍 해맞이해안로 140,
178682435,델문도 김녕점,5,카페델문도 김녕점,57,제주특별자치도 제주시 구좌읍 해맞이해안로 140,
178682435,델문도 김녕점,5,델문도김녕카페,7,제주특별자치도 제주시 구좌읍 해맞이해안로 140,
1136918650,카멜커피 제주점,4,카멜커피 제주점,96,제주특별자치도 제주시 구좌읍 해맞이해안로 617-3,
1136918650,카멜커피 제주점,4,카멜 커피,93,제주특별자치도 제주시 구좌읍 해맞이해안로 617-3,
1136918650,카멜커피 제주점,4,카멜커피,93,제주특별자치도 제주시 구좌읍 해맞이해안로 617-3,
1136918650,카멜커피 제주점,4,제주카멜커피,53,제주특별자치도 제주시 구좌읍 해맞이해안로 617-3,
2070757323,"오른(orrrn,오알엔)",4,오른,69,제주특별자치도 서귀포시 성산읍 해맞이해안로 2714,
2070757323,"오른(orrrn,오알엔)",4,카페 오른,37,제주특별자치도 서귀포시 성산읍 해맞이해안로 2714,
2070757323,"오른(orrrn,오알엔)",4,카페오른,37,제주특별자치도 서귀포시 성산읍 해맞이해안로 2714,
2070757323,"오른(orrrn,오알엔)",4,Cafe Orrrn (카페오른),1,제주특별자치도 서귀포시 성산읍 해맞이해안로 2714,
587249375,아베베베이커리 제주,4,아베베 베이커리,93,제주특별자치도 제주시 동문로6길 4,
587249375,아베베베이커리 제주,4,아베베베이커리,93,제주특별자치도 제주시 동문로6길 4,
587249375,아베베베이커리 제주,4,아베베,92,제주특별자치도 제주시 동문로6길 4,
587249375,아베베베이커리 제주,4,제주시 베이커리 맛집,8,제주특별자치도 제주시 동문로6길 4,
675287243,스타벅스 더제주송당파크R점,4,스타벅스 더제주송당파크R점,86,제주특별자치도 제주시 구좌읍 비자림로 1189,
675287243,스타벅스 더제주송당파크R점,4,스타벅스 더제주송당파크R점 (Starbucks The Jeju Songdang Park),63,제주특별자치도 제주시 구좌읍 비자림로 1189,
675287243,스타벅스 더제주송당파크R점,4,스타벅스 송당,57,제주특별자치도 제주시 구좌읍 비자림로 1189,
675287243,스타벅스 더제주송당파크R점,4,스타벅스 송당파크R점,24,제주특별자치도 제주시 구좌읍 비자림로 1189,
923804248,카페 모알보알,4,모알보알제주점,65,제주특별자치도 제주시 구좌읍 구좌해안로 141,
923804248,카페 모알보알,4,모알보알,57,제주특별자치도 제주시 구좌읍 구좌해안로 141,
923804248,카페 모알보알,4,카페 모알보알 제주점,50,제주특별자치도 제주시 구좌읍 구좌해안로 141,
923804248,카페 모알보알,4,카페모알보알,29,제주특별자치도 제주시 구좌읍 구좌해안로 141,
1053401181,탐앤탐스 블랙 김녕아쿠아점,3,탐앤탐스 김녕아쿠아점,65,제주특별자치도 제주시 구좌읍 일주동로 1921,
1053401181,탐앤탐스 블랙 김녕아쿠아점,3,탐앤탐스김녕아쿠아점,64,제주특별자치도 제주시 구좌읍 일주동로 1921,
1053401181,탐앤탐스 블랙 김녕아쿠아점,3,탐앤탐스 김녕점,27,제주특별자치도 제주시 구좌읍 일주동로 1921,
1075278063,글로시말차,3,글로시 말차,95,제주특별자치도 제주시 조천읍 조함해안로 112,
1075278063,글로시말차,3,글로시말차,95,제주특별자치도 제주시 조천읍 조함해안로 112,
1075278063,글로시말차,3,말차카페,58,제주특별자치도 제주시 조천읍 조함해안로 112,
1105323131,리버브제주,3,리버브제주,97,제주특별자치도 제주시 한림읍 한림해안로 648,
1105323131,리버브제주,3,한림카페,84,제주특별자치도 제주시 한림읍 한림해안로 648,
1105323131,리버브제주,3,리버브 제주 (Reverb Jeju),62,제주특별자치도 제주시 한림읍 한림해안로 648,
1165899660,rnr베이커리 협재,3,rnr,90,제주특별자치도 제주시 한림읍 협재1길 29,
1165899660,rnr베이커리 협재,3,rnr 베이커리,75,제주특별자치도 제주시 한림읍 협재1길 29,
1165899660,rnr베이커리 협재,3,rnr베이커리,75,제주특별자치도 제주시 한림읍 협재1길 29,
1176884672,목장카페 드르쿰다 표선,3,표선 카페,75,제주특별자치도 서귀포시 표선면 번영로 2454,
1176884672,목장카페 드르쿰다 표선,3,표선카페 (unspecified),75,제주특별자치도 서귀포시 표선면 번영로 2454,
1176884672,목장카페 드르쿰다 표선,3,목장카페 드르쿰다,32,제주특별자치도 서귀포시 표선면 번영로 2454,
1235130569,브라보커피웍스,3,브라보 커피웍스,72,제주특별자치도 제주시 구좌읍 세화11길 8,
1235130569,브라보커피웍스,3,브라보커피웍스,72,제주특별자치도 제주시 구좌읍 세화11길 8,
1235130569,브라보커피웍스,3,브라보커피웍스 제주세화점,36,제주특별자치도 제주시 구좌읍 세화11길 8,
1300594457,카페 레이어드 제주점,3,구좌카페,89,제주특별자치도 제주시 구좌읍 동복로 85,
1300594457,카페 레이어드 제주점,3,카페 레이어드,66,제주특별자치도 제주시 구좌읍 동복로 85,
1300594457,카페 레이어드 제주점,3,카페레이어드 제주점,56,제주특별자치도 제주시 구좌읍 동복로 85,
1338637391,카페진정성 종점,3,카페 진정성,50,제주특별자치도 제주시 서해안로 124,
1338637391,카페진정성 종점,3,카페진정성 종점,48,제주특별자치도 제주시 서해안로 124,
1338637391,카페진정성 종점,3,카페진정성종점,48,제주특별자치도 제주시 서해안로 124,
1378746048,더클리프,3,더클리프,70,제주특별자치도 서귀포시 중문관광로 154-17,
1378746048,더클리프,3,카페더클리프,42,제주특별자치도 서귀포시 중문관광로 154-17,
1378746048,더클리프,3,더클리프카페,13,제주특별자치도 서귀포시 중문관광로 154-17,
146145213,하토우 커피 로스터스,3,하토우,58,제주특별자치도 제주시 구좌읍 구좌로 188-1,
146145213,하토우 커피 로스터스,3,하토우 커피 로스터스,57,제주특별자치도 제주시 구좌읍 구좌로 188-1,
146145213,하토우 커피 로스터스,3,하토우커피로스터스,57,제주특별자치도 제주시 구좌읍 구좌로 188-1,
1589936933,머문,3,머문카페,10,제주특별자치도 제주시 구좌읍 해맞이해안로 460,
1589936933,머문,3,MOUMOON (모우문),7,제주특별자치도 제주시 구좌읍 해맞이해안로 460,
1589936933,머문,3,카페머문,4,제주특별자치도 제주시 구좌읍 해맞이해안로 460,
1691332369,세화카페마티에르,3,마티에르,97,제주특별자치도 제주시 구좌읍 세화8길 3,
1691332369,세화카페마티에르,3,카페 마티에르,89,제주특별자치도 제주시 구좌읍 세화8길 3,
1691332369,세화카페마티에르,3,세화카페마티에르,88,제주특별자치도 제주시 구좌읍 세화8길 3,
170268052,바람,3,카페 바람(vharam),3,제주특별자치도 제주시 구좌읍 월정1길 46-9,
170268052,바람,3,카페바람 (vharam),3,제주특별자치도 제주시 구좌읍 월정1길 46-9,
170268052,바람,3,카페 바람,1,제주특별자치도 제주시 구좌읍 월정1길 46-9,
1756541636,안도르,3,안도르,73,제주특별자치도 제주시 구좌읍 비자림로 1645,
1756541636,안도르,3,카페 안도르,36,제주특별자치도 제주시 구좌읍 비자림로 1645,
1756541636,안도르,3,카페안도르,36,제주특별자치도 제주시 구좌읍 비자림로 1645,
1800317555,루브린라운지,3,루브린라운지,67,제주특별자치도 서귀포시 남원읍 태위로360번길 46,
1800317555,루브린라운지,3,카페루브린라운지,24,제주특별자치도 서귀포시 남원읍 태위로360번길 46,
1800317555,루브린라운지,3,루브린라운지카페,14,제주특별자치도 서귀포시 남원읍 태위로360번길 46,
19639423,카페서연의집,3,서연의 집,19,제주특별자치도 서귀포시 남원읍 위미해안로 86,
19639423,카페서연의집,3,서연의집,17,제주특별자치도 서귀포시 남원읍 위미해안로 86,
19639423,카페서연의집,3,카페서연의집,10,제주특별자치도 서귀포시 남원읍 위미해안로 86,
198483147,베릴,3,베릴(베릴카페),90,제주특별자치도 제주시 한림읍 협재1길 19-8,
198483147,베릴,3,베릴,84,제주특별자치도 제주시 한림읍 협재1길 19-8,
198483147,베릴,3,BERYL 베릴,6,제주특별자치도 제주시 한림읍 협재1길 19-8,
2018722964,가는곶 세화,3,가는곶 세화,73,제주특별자치도 제주시 구좌읍 세화14길 3,
2018722964,가는곶 세화,3,가는곶세화,73,제주특별자치도 제주시 구좌읍 세화14길 3,
2018722964,가는곶 세화,3,"가는 곶, 세화",38,제주특별자치도 제주시 구좌읍 세화14길 3,
20465427,쉼표,3,쉼표,52,제주특별자치도 제주시 한림읍 한림로 359,
20465427,쉼표,3,쉼표 카페,26,제주특별자치도 제주시 한림읍 한림로 359,
20465427,쉼표,3,카페 쉼표,14,제주특별자치도 제주시 한림읍 한림로 359,
243430790,콩카페 곽지해변점,3,콩카페,75,제주특별자치도 제주시 애월읍 곽지3길 21,
243430790,콩카페 곽지해변점,3,콩카페 제주곽지해변점,70,제주특별자치도 제주시 애월읍 곽지3길 21,
243430790,콩카페 곽지해변점,3,콩카페 곽지해변점,23,제주특별자치도 제주시 애월읍 곽지3길 21,
247951005,해지개,3,해지개,79,제주특별자치도 제주시 애월읍 애월북서길 52,
247951005,해지개,3,해지개 카페,40,제주특별자치도 제주시 애월읍 애월북서길 52,
247951005,해지개,3,해지개카페,40,제주특별자치도 제주시 애월읍 애월북서길 52,
25161792,테라로사 서귀포점,3,테라로사 서귀포점,64,제주특별자치도 서귀포시 칠십리로658번길 27-16,
25161792,테라로사 서귀포점,3,테라로사,41,제주특별자치도 서귀포시 칠십리로658번길 27-16,
25161792,테라로사 서귀포점,3,테라로사 서귀포,24,제주특별자치도 서귀포시 칠십리로658번길 27-16,
335628343,노바운더리 제주,3,노바운더리,81,제주특별자치도 서귀포시 표선면 번영로 2610,
335628343,노바운더리 제주,3,노바운더리 제주,80,제주특별자치도 서귀포시 표선면 번영로 2610,
335628343,노바운더리 제주,3,카페 노바운더리,48,제주특별자치도 서귀포시 표선면 번영로 2610,
499827708,세화카페텐더럽,3,세화카페텐더럽,32,제주특별자치도 제주시 구좌읍 해맞이해안로 1426,
499827708,세화카페텐더럽,3,카페텐더럽,18,제주특별자치도 제주시 구좌읍 해맞이해안로 1426,
499827708,세화카페텐더럽,3,텐더럽카페,3,제주특별자치도 제주시 구좌읍 해맞이해안로 1426,
773271089,유동커피 소금공장점,3,유동커피소금공장,88,제주특별자치도 제주시 용마서1길 30,
773271089,유동커피 소금공장점,3,유동커피 소금공장점,87,제주특별자치도 제주시 용마서1길 30,
773271089,유동커피 소금공장점,3,유동커피,76,제주특별자치도 제주시 용마서1길 30,
808417339,제주당,3,제주당,95,제주특별자치도 제주시 애월읍 월각로 927,
808417339,제주당,3,제주당 베이커리,67,제주특별자치도 제주시 애월읍 월각로 927,
808417339,제주당,3,제주당 베이커리 카페,43,제주특별자치도 제주시 애월읍 월각로 927,
898585862,카페한라산,3,한라산,84,제주특별자치도 제주시 구좌읍 면수1길 48,
898585862,카페한라산,3,카페 한라산,41,제주특별자치도 제주시 구좌읍 면수1길 48,
898585862,카페한라산,3,카페한라산,41,제주특별자치도 제주시 구좌읍 면수1길 48,
1011635289,목장카페밭디,2,목장카페 밭디,91,제주특별자치도 서귀포시 표선면 번영로 2486,
1011635289,목장카페밭디,2,목장카페밭디,91,제주특별자치도 서귀포시 표선면 번영로 2486,
1089591928,픽업,2,픽업 카페,90,제주특별자치도 제주시 남성로 167,
1089591928,픽업,2,픽업카페,90,제주특별자치도 제주시 남성로 167,
1114392673,공회당,2,공회당 (카페),63,제주특별자치도 제주시 구좌읍 종달로5길 33-1,
1114392673,공회당,2,공회당,58,제주특별자치도 제주시 구좌읍 종달로5길 33-1,
11332661,오설록 티뮤지엄,2,오설록티뮤지엄,88,제주특별자치도 서귀포시 안덕면 신화역사로 15,
11332661,오설록 티뮤지엄,2,오설록 티 뮤지엄 (카페),82,제주특별자치도 서귀포시 안덕면 신화역사로 15,
1133384427,호랑호랑카페,2,호랑호랑 카페,19,,
1133384427,호랑호랑카페,2,호랑호랑카페,19,,
1134184953,애월카페거리,2,애월 카페거리,78,,
1134184953,애월카페거리,2,애월카페거리,78,,
1138154447,오늘도화창,2,오늘도화창,61,제주특별자치도 제주시 구좌읍 월정5길 56,
1138154447,오늘도화창,2,오늘도화창 (카페),57,제주특별자치도 제주시 구좌읍 월정5길 56,
119385518,비케이브,2,비케이브,62,제주특별자치도 제주시 조천읍 동백로 122,
119385518,비케이브,2,비케이브 (Bee cave),21,제주특별자치도 제주시 조천읍 동백로 122,
1213404623,카페 레크레,2,레크레,80,제주특별자치도 제주시 신비마을1길 54,
1213404623,카페 레크레,2,레크레카페,23,제주특별자치도 제주시 신비마을1길 54,
12235169,오뚜기빵집,2,오뚜기 빵집,50,제주특별자치도 서귀포시 남원읍 태위로 129,
12235169,오뚜기빵집,2,오뚜기빵집,50,제주특별자치도 서귀포시 남원읍 태위로 129,
1228817833,무슈부부커피스탠드 오리진,2,무슈부부커피스탠드,86,제주특별자치도 제주시 구좌읍 구좌로 53,
1228817833,무슈부부커피스탠드 오리진,2,무슈부부커피스탠드 오리진,61,제주특별자치도 제주시 구좌읍 구좌로 53,
124717607,스나오코히,2,스나오 코히,76,제주특별자치도 서귀포시 하신상로9번길 2,
124717607,스나오코히,2,스나오코히,76,제주특별자치도 서귀포시 하신상로9번길 2,
1265114317,바이러닉 에스프레소바 제주도점,2,바이러닉 에스프레소 바 제주점,78,제주특별자치도 제주시 테우해안로 96,
1265114317,바이러닉 에스프레소바 제주도점,2,바이러닉,58,제주특별자치도 제주시 테우해안로 96,
1315063856,동명정류장,2,동명정류장,36,제주특별자치도 제주시 한림읍 동명7길 26,
1315063856,동명정류장,2,동명정류장 카페,6,제주특별자치도 제주시 한림읍 동명7길 26,
132964904,라룬블루,2,라룬블루,94,제주특별자치도 서귀포시 남원읍 태위로 27,
132964904,라룬블루,2,카페라룬블루,9,제주특별자치도 서귀포시 남원읍 태위로 27,
1342732172,하멜,2,하멜,68,제주특별자치도 제주시 노형2길 51-3,
1342732172,하멜,2,제주하멜,63,제주특별자치도 제주시 노형2길 51-3,
1413291788,뮈르,2,뮈르,61,제주특별자치도 서귀포시 하예로 28,
1413291788,뮈르,2,카페 뮈르,47,제주특별자치도 서귀포시 하예로 28,
1437167844,귤꽃다락,2,귤꽃다락,69,제주특별자치도 서귀포시 이어도로1027번길 34,
1437167844,귤꽃다락,2,귤꽃 카페,11,제주특별자치도 서귀포시 이어도로1027번길 34,
1441787320,카페아오오,2,카페 아오오 (Cafe Out of Ordinary),44,제주특별자치도 서귀포시 성산읍 환해장성로 75,
1441787320,카페아오오,2,카페아오오에,4,제주특별자치도 서귀포시 성산읍 환해장성로 75,
145331867,점점,2,점점,82,,
145331867,점점,2,카페점점,47,,
1488681299,롤러코스트 커피바,2,롤러코스트,56,제주특별자치도 제주시 조천읍 조함해안로 592-4,
1488681299,롤러코스트 커피바,2,카페 롤러코스트함덕,12,제주특별자치도 제주시 조천읍 조함해안로 592-4,
1489381636,카페쿠리,2,카페 쿠리,73,제주특별자치도 서귀포시 성산읍 환해장성로 165-21,
1489381636,카페쿠리,2,카페쿠리,73,제주특별자치도 서귀포시 성산읍 환해장성로 165-21,
1500112810,호텔샌드,2,호텔 샌드 (카페),65,제주특별자치도 제주시 한림읍 한림로 339,
1500112810,호텔샌드,2,호텔샌드,57,제주특별자치도 제주시 한림읍 한림로 339,
1523395074,무우수커피로스터스,2,무우수 커피 로스터스,69,제주특별자치도 제주시 조천읍 조천11길 22-2,
1523395074,무우수커피로스터스,2,무우수,65,제주특별자치도 제주시 조천읍 조천11길 22-2,
153213258,랜디스도넛 애월점,2,랜디스도넛 애월점,67,제주특별자치도 제주시 애월읍 애월로 27-1,
153213258,랜디스도넛 애월점,2,랜디스 도넛,51,제주특별자치도 제주시 애월읍 애월로 27-1,
1547854969,무드제주,2,무드제주,61,제주특별자치도 제주시 남성로 89,
1547854969,무드제주,2,무드제주 MOOD JEJU,7,제주특별자치도 제주시 남성로 89,
1548286947,핀스,2,핀스,89,제주특별자치도 서귀포시 대정읍 노을해안로532번길 8,
1548286947,핀스,2,핀스 (PINS),4,제주특별자치도 서귀포시 대정읍 노을해안로532번길 8,
1578746387,오드랑베이커리,2,오드랑 베이커리,79,제주특별자치도 제주시 조천읍 조함해안로 552-3,
1578746387,오드랑베이커리,2,오드랑베이커리,79,제주특별자치도 제주시 조천읍 조함해안로 552-3,
1606863361,키에키 로스팅 룸,2,키에키 로스팅룸,86,제주특별자치도 제주시 중앙로 88-1,
1606863361,키에키 로스팅 룸,2,"키로로, 키에키 로스팅 룸",7,제주특별자치도 제주시 중앙로 88-1,
1619094267,플로이스트 베이커리 카페,2,플로이스트 베이커리 카페 (Floyeast Bakery Cafe),69,,
1619094267,플로이스트 베이커리 카페,2,플로이스트카페,27,,
1664722329,키에키 커피 스탠드,2,키에키 커피 스탠드,97,제주특별자치도 제주시 진서로 32,
1664722329,키에키 커피 스탠드,2,Kiekee Coffee Stand,44,제주특별자치도 제주시 진서로 32,
1685614536,백한철꽈배기식빵,2,백한철 꽈배기,94,제주특별자치도 서귀포시 남원읍 남한로21번길 56,
1685614536,백한철꽈배기식빵,2,백한철꽈배기,94,제주특별자치도 서귀포시 남원읍 남한로21번길 56,
1711549619,그래인스쿠키 애월점,2,그래인스쿠키 제주점,98,제주특별자치도 제주시 애월읍 유수암로4길 11,
1711549619,그래인스쿠키 애월점,2,제주그래인스카페,,제주특별자치도 제주시 애월읍 유수암로4길 11,
1756924125,그럼외도,2,그럼외도,67,제주특별자치도 제주시 월대3길 16,
1756924125,그럼외도,2,제주 그럼외도,21,제주특별자치도 제주시 월대3길 16,
1778659460,카페담소요,2,카페 담소요,84,제주특별자치도 서귀포시 남원읍 신례천로 193,
1778659460,카페담소요,2,담소요카페,48,제주특별자치도 서귀포시 남원읍 신례천로 193,
17884787,스타벅스 제주중문점,2,스타벅스 제주 중문점,54,제주특별자치도 서귀포시 중문관광로110번길 32,
17884787,스타벅스 제주중문점,2,스타벅스제주중문점,54,제주특별자치도 서귀포시 중문관광로110번길 32,
1816140460,비에노즈,2,비에노즈,59,제주특별자치도 제주시 한림읍 한림해안로 674,
1816140460,비에노즈,2,비에노즈카페,46,제주특별자치도 제주시 한림읍 한림해안로 674,
1824227168,마노커피하우스,2,마노 커피하우스,65,제주특별자치도 서귀포시 천제연로188번길 6-6,
1824227168,마노커피하우스,2,마노커피,63,제주특별자치도 서귀포시 천제연로188번길 6-6,
1872442419,다카포카페,2,카페 다카포,8,제주특별자치도 서귀포시 표선면 표선백사로110번길 6,
1872442419,다카포카페,2,제주다카포,7,제주특별자치도 서귀포시 표선면 표선백사로110번길 6,
1872779579,달치즈 구좌세화점,2,달치즈 구좌세화점,98,제주특별자치도 제주시 구좌읍 해녀박물관길 35,
1872779579,달치즈 구좌세화점,2,카페 달치즈,52,제주특별자치도 제주시 구좌읍 해녀박물관길 35,
18771353,카페공작소,2,카페 공작소,9,제주특별자치도 제주시 구좌읍 해맞이해안로 1446,
18771353,카페공작소,2,카페공작소,9,제주특별자치도 제주시 구좌읍 해맞이해안로 1446,
1878838597,흘,2,흘(heul),95,제주특별자치도 제주시 조천읍 선진길 88,
1878838597,흘,2,흘 heul,71,제주특별자치도 제주시 조천읍 선진길 88,
1883460170,풀잎들커피아카이브,2,풀잎들커피아카이브,50,제주특별자치도 제주시 정든로 20-4,
1883460170,풀잎들커피아카이브,2,로스터리 풀잎들,49,제주특별자치도 제주시 정든로 20-4,
1924662169,카페토은,2,토은 (To eun),96,제주특별자치도 서귀포시 안덕면 신화역사로 632,
1924662169,카페토은,2,토은 (TOEUN),30,제주특별자치도 서귀포시 안덕면 신화역사로 632,
19306466,이니스프리 제주하우스,2,이니스프리 제주하우스,61,제주특별자치도 서귀포시 안덕면 신화역사로 23,
19306466,이니스프리 제주하우스,2,이니스프리 하우스,48,제주특별자치도 서귀포시 안덕면 신화역사로 23,
1939909597,오하효,2,카페 오하효,18,제주특별자치도 서귀포시 칠십리로 752,
1939909597,오하효,2,카페오하효,18,제주특별자치도 서귀포시 칠십리로 752,
1941308392,마이피기팬트리,2,마이피기 팬트리,38,제주특별자치도 제주시 구좌읍 하도13길 6,
1941308392,마이피기팬트리,2,마이피기팬트리,38,제주특별자치도 제주시 구좌읍 하도13길 6,
1965407821,이끼숲소길,2,이끼숲소길,89,제주특별자치도 제주시 애월읍 장소로 621,
1965407821,이끼숲소길,2,이끼숲소길 카페,33,제주특별자치도 제주시 애월읍 장소로 621,
1966950070,이때,2,이때,74,제주특별자치도 서귀포시 대정읍 최남단해안로29번길 10,
1966950070,이때,2,카페이때,,제주특별자치도 서귀포시 대정읍 최남단해안로29번길 10,
1994814176,콜로세움 제주,2,콜로세움,54,제주특별자치도 제주시 민오름길 14,
1994814176,콜로세움 제주,2,카페 콜로세움 제주,10,제주특별자치도 제주시 민오름길 14,
2040536932,커피냅로스터스 제주,2,커피냅로스터스,72,제주특별자치도 제주시 애월읍 하귀2길 45,
2040536932,커피냅로스터스 제주,2,커피냅로스터스 제주,69,제주특별자치도 제주시 애월읍 하귀2길 45,
2129027989,코리코카페 제주점,2,코리코카페 (Koriko Cafe Jeju),92,제주특별자치도 제주시 구좌읍 비자림로 1199,
2129027989,코리코카페 제주점,2,코리코카페 제주점,86,제주특별자치도 제주시 구좌읍 비자림로 1199,
2142636974,카페 언더라운지 제주함덕점,2,언더라운지,46,제주특별자치도 제주시 조천읍 함덕로 40,
2142636974,카페 언더라운지 제주함덕점,2,언더라운지 카페,5,제주특별자치도 제주시 조천읍 함덕로 40,
215604458,보롬왓,2,보롬왓,88,제주특별자치도 서귀포시 표선면 번영로 2350-104,
215604458,보롬왓,2,카페보롬왓 (Cafe Boromwat),11,제주특별자치도 서귀포시 표선면 번영로 2350-104,
217787831,원앤온리,2,원앤온리,68,제주특별자치도 서귀포시 안덕면 산방로 141,
217787831,원앤온리,2,원앤온리 제주,43,제주특별자치도 서귀포시 안덕면 산방로 141,
225982489,가시림 카페,2,가시림 카페,47,제주특별자치도 서귀포시 표선면 녹산로5번길 171,
225982489,가시림 카페,2,카페 가시림,21,제주특별자치도 서귀포시 표선면 녹산로5번길 171,
231488419,서귀피안베이커리,2,서귀피안 베이커리,84,제주특별자치도 서귀포시 성산읍 신양로122번길 17,
231488419,서귀피안베이커리,2,서귀피안베이커리,84,제주특별자치도 서귀포시 성산읍 신양로122번길 17,
25050406,카페태희,2,카페 태희,18,제주특별자치도 제주시 애월읍 곽지3길 27,
25050406,카페태희,2,태희카페,6,제주특별자치도 제주시 애월읍 곽지3길 27,
26874310,인디고인디드,2,인디고인디드 카페,38,제주특별자치도 제주시 애월읍 애월해안로 204,
26874310,인디고인디드,2,애월 인디고인디드,32,제주특별자치도 제주시 애월읍 애월해안로 204,
271273920,호텔 서귀피안,2,서귀피안 보래드 베이커스,76,제주특별자치도 서귀포시 보목로64번길 178,
271273920,호텔 서귀피안,2,서귀피안,69,제주특별자치도 서귀포시 보목로64번길 178,
294918349,표선하다,2,표선하다,91,제주특별자치도 서귀포시 표선면 표선당포로 21-3,
294918349,표선하다,2,카페 표선하다,72,제주특별자치도 서귀포시 표선면 표선당포로 21-3,
306324529,오브젝트 제주점,2,오브젝트 제주점,95,제주특별자치도 제주시 구좌읍 동복로 87,
306324529,오브젝트 제주점,2,object,23,제주특별자치도 제주시 구좌읍 동복로 87,
325780473,카페청굴물,2,카페청굴물,38,제주특별자치도 제주시 구좌읍 김녕로1길 75-1,
325780473,카페청굴물,2,청굴물 카페,37,제주특별자치도 제주시 구좌읍 김녕로1길 75-1,
337455511,모노클제주,2,모노클제주,76,제주특별자치도 서귀포시 남원읍 태위로360번길 30-8,
337455511,모노클제주,2,위미카페,29,제주특별자치도 서귀포시 남원읍 태위로360번길 30-8,
373077516,카페나모나모,2,나모나모,83,제주특별자치도 제주시 도두봉6길 4,
373077516,카페나모나모,2,카페나모나모베이커리,58,제주특별자치도 제주시 도두봉6길 4,
400727195,홀츠 애월,2,홀츠,76,제주특별자치도 제주시 애월읍 하소로 681-13,
400727195,홀츠 애월,2,홀츠애월,74,제주특별자치도 제주시 애월읍 하소로 681-13,
452432376,소색채본,2,소색채본,94,제주특별자치도 서귀포시 안덕면 사계남로216번길 24-61,
452432376,소색채본,2,소색채본카페,29,제주특별자치도 서귀포시 안덕면 사계남로216번길 24-61,
47139348,비밀역,2,비밀역,95,제주특별자치도 서귀포시 안덕면 화순중앙로124번길 26-1,
47139348,비밀역,2,비밀역 카페,34,제주특별자치도 서귀포시 안덕면 화순중앙로124번길 26-1,
474306646,그린루스카,2,그린루스카,61,제주특별자치도 제주시 서사로12길 45,
474306646,그린루스카,2,그린루스카 카페,3,제주특별자치도 제주시 서사로12길 45,
492832260,웨스트그라운드,2,웨스트그라운드,86,제주특별자치도 제주시 한경면 신한로 183-16,
492832260,웨스트그라운드,2,웨스트그라운드 (West Ground),43,제주특별자치도 제주시 한경면 신한로 183-16,
538742918,나나이로,2,나나이로,29,제주특별자치도 제주시 구좌읍 구좌로 75-1,
538742918,나나이로,2,나나이로 Nanairo,5,제주특별자치도 제주시 구좌읍 구좌로 75-1,
599191002,인카페온더비치,2,인카페온더비치,32,제주특별자치도 제주시 구좌읍 해맞이해안로 943,
599191002,인카페온더비치,2,인카페 온더비치 (incafe on the beach),13,제주특별자치도 제주시 구좌읍 해맞이해안로 943,
633765117,무로이,2,무로이,74,제주특별자치도 서귀포시 안덕면 동광본동로 21,
633765117,무로이,2,무로이 (Muroi),47,제주특별자치도 서귀포시 안덕면 동광본동로 21,
634174711,당당,2,당당,50,제주특별자치도 제주시 애월읍 중엄안1길 25,
634174711,당당,2,당당카페,9,제주특별자치도 제주시 애월읍 중엄안1길 25,
634550669,달콤아재,2,달콤아재,79,제주특별자치도 제주시 우도면 우도해안길 810,
634550669,달콤아재,2,땅콩 아이스크림,76,제주특별자치도 제주시 우도면 우도해안길 810,
639075896,천사카이막,2,천사카이막,100,제주특별자치도 제주시 서문로 7-1,
639075896,천사카이막,2,카이막,95,제주특별자치도 제주시 서문로 7-1,
665658434,카페더콘테나,2,카페더콘테나,39,제주특별자치도 제주시 조천읍 함와로 513,
665658434,카페더콘테나,2,카페 더 콘테나,37,제주특별자치도 제주시 조천읍 함와로 513,
676261169,훈데르트윈즈,2,훈데르트 윈즈,70,제주특별자치도 제주시 우도면 우도해안길 32-2,
676261169,훈데르트윈즈,2,훈데르트윈즈,70,제주특별자치도 제주시 우도면 우도해안길 32-2,
679782932,무량제주,2,무량 제주,95,제주특별자치도 서귀포시 남원읍 일주동로 7747,
679782932,무량제주,2,무량제주,95,제주특별자치도 서귀포시 남원읍 일주동로 7747,
680958794,카페더라이트,2,카페더라이트,37,제주특별자치도 서귀포시 성산읍 한도로 269,
680958794,카페더라이트,2,카페 더라이트,34,제주특별자치도 서귀포시 성산읍 한도로 269,
688048016,우정원베이커리 제주삼나무점,2,우정원베이커리,93,제주특별자치도 제주시 구좌읍 송당동2길 7-39,
688048016,우정원베이커리 제주삼나무점,2,우정원베이커리카페,6,제주특별자치도 제주시 구좌읍 송당동2길 7-39,
689567940,064노트,2,064knot,39,제주특별자치도 제주시 한림읍 한림로 609,
689567940,064노트,2,Cafe064Knot,36,제주특별자치도 제주시 한림읍 한림로 609,
693062983,제주봄날,2,봄날카페,23,제주특별자치도 제주시 애월읍 애월로1길 25,
693062983,제주봄날,2,카페봄날,15,제주특별자치도 제주시 애월읍 애월로1길 25,
698104856,루인홈,2,루인홈,65,제주특별자치도 제주시 조천읍 중산간동로 804-64,
698104856,루인홈,2,rooin home,4,제주특별자치도 제주시 조천읍 중산간동로 804-64,
707546712,우미,2,우미,73,제주특별자치도 서귀포시 남원읍 위미대성로 125-46,
707546712,우미,2,카페우미,56,제주특별자치도 서귀포시 남원읍 위미대성로 125-46,
752459708,수풀,2,수풀,62,제주특별자치도 제주시 한림읍 한수풀로 36,
752459708,수풀,2,SUPUL,33,제주특별자치도 제주시 한림읍 한수풀로 36,
756835035,연이네,2,연이네,22,제주특별자치도 제주시 우도면 우도해안길 662-1,
756835035,연이네,2,연이네카페,15,제주특별자치도 제주시 우도면 우도해안길 662-1,
785696952,우도클라쓰,2,우도클라쓰,51,제주특별자치도 제주시 우도면 우도해안길 340,
785696952,우도클라쓰,2,원조우도샌드 우도클라쓰,36,제주특별자치도 제주시 우도면 우도해안길 340,
788032163,수와래베이커리,2,수와래베이커리,54,제주특별자치도 서귀포시 남원읍 태위로 17,
788032163,수와래베이커리,2,수와래,51,제주특별자치도 서귀포시 남원읍 태위로 17,
791617298,더리트리브,2,더리트리브,40,제주특별자치도 서귀포시 안덕면 화순로 67,
791617298,더리트리브,2,더리트리브 카페,8,제주특별자치도 서귀포시 안덕면 화순로 67,
792548083,잔물결,2,잔물결,74,제주특별자치도 제주시 한림읍 금능길 58-1,
792548083,잔물결,2,카페 잔물결,45,제주특별자치도 제주시 한림읍 금능길 58-1,
802632260,"택하다, 커피",2,"택하다, 커피",93,제주특별자치도 서귀포시 표선면 원님로652번길 118,
802632260,"택하다, 커피",2,택하다커피,93,제주특별자치도 서귀포시 표선면 원님로652번길 118,
825851613,우유부단,2,우유부단,41,제주특별자치도 제주시 한림읍 금악동길 38,
825851613,우유부단,2,우유부단 카페 (성이시돌 목장),34,제주특별자치도 제주시 한림읍 금악동길 38,
831521557,팀블로우,2,팀 블로우,66,제주특별자치도 제주시 애월읍 애월로 19-5,
831521557,팀블로우,2,카페팀블로우,36,제주특별자치도 제주시 애월읍 애월로 19-5,
88307711,레이지펌프,2,레이지 펌프,57,제주특별자치도 제주시 애월읍 애월북서길 32,
88307711,레이지펌프,2,레이지펌프,57,제주특별자치도 제주시 애월읍 애월북서길 32,
926238258,제주 새빌 E-pit 전기차충전소,2,새빌 카페,43,제주특별자치도 제주시 애월읍 평화로 1513,
926238258,제주 새빌 E-pit 전기차충전소,2,새빌카페,43,제주특별자치도 제주시 애월읍 평화로 1513,
964978771,카페구할구,2,구할구,92,제주특별자치도 제주시 구좌읍 월정5길 48-2,
964978771,카페구할구,2,카페 구할구,73,제주특별자치도 제주시 구좌읍 월정5길 48-2,
966175465,질그랭이거점센터,2,세화 질그랭이 워케이션 센터 카페477,5,제주특별자치도 제주시 구좌읍 세평항로 46-9,
966175465,질그랭이거점센터,2,구좌 세화 질그랭이 워케이션 센터 카페477+,4,제주특별자치도 제주시 구좌읍 세평항로 46-9,
969056948,대한목장,2,대한목장,99,제주특별자치도 서귀포시 남원읍 하례로620번길 19,
969056948,대한목장,2,대한목장 (Daehan Ranch Holy Lan),4,제주특별자치도 서귀포시 남원읍 하례로620번길 19,
969445856,못 MOAT,2,못(MOAT)카페,63,제주특별자치도 서귀포시 남원읍 태위로510번길 47-1,
969445856,못 MOAT,2,MOAT(못),52,제주특별자치도 서귀포시 남원읍 태위로510번길 47-1,
99092488,커피템플,2,커피템플,80,제주특별자치도 제주시 영평길 269,
99092488,커피템플,2,카페 템플,3,제주특별자치도 제주시 영평길 269,
